"","key","barcode","ExonicFunc.refGene","DP","FREQ","VAF","CancerVar_res"
"1","ARNT_G315S","berg-ne933-01-000-000","NS",172,0.180232558139535,0.353397172822617,"IV_benign"
"2","ARNT_G315S","berg-nh511-01-000-100","NS",185,0.264864864864865,0.335271980841601,"IV_benign"
"3","ARNT_G315S","berg-xeno1-60-000-000","NS",160,0.325,0.331632653061225,"IV_benign"
"4","ARNT_G315S","berg-dsf3c-61-000-000","NS",166,0.307228915662651,0.307228915662651,"IV_benign"
"5","CCNB1IP1_G229E","berg-ne933-01-000-000","NS",167,0.283132530120482,0.555161823765651,"III_Uncertain"
"6","CCNB1IP1_G229E","berg-nh511-01-000-100","NS",173,0.450867052023121,0.57071778737104,"III_Uncertain"
"7","CCNB1IP1_G229E","berg-xeno1-60-000-000","NS",102,0.441176470588235,0.450180072028811,"III_Uncertain"
"8","CCNB1IP1_G229E","berg-dsf3c-61-000-000","NS",131,0.450381679389313,0.450381679389313,"III_Uncertain"
"9","FAT4_P2581T","berg-ne933-01-000-000","NS",120,0.258333333333333,0.506535947712418,"III_Uncertain"
"10","FAT4_P2581T","berg-nh511-01-000-100","NS",77,0.636363636363636,0.805523590333717,"III_Uncertain"
"11","FAT4_P2581T","berg-xeno1-60-000-000","NS",39,0.974358974358974,0.994243851386709,"III_Uncertain"
"12","FAT4_P2581T","berg-dsf3c-61-000-000","NS",46,1,1,"III_Uncertain"
"13","KEAP1_G476W","berg-ne933-01-000-000","NS",114,0.342105263157895,0.670794633642931,"III_Uncertain"
"14","KEAP1_G476W","berg-nh511-01-000-100","NS",115,0.643478260869565,0.81452944413869,"III_Uncertain"
"15","KEAP1_G476W","berg-xeno1-60-000-000","NS",45,0.977777777777778,0.997732426303855,"III_Uncertain"
"16","KEAP1_G476W","berg-dsf3c-61-000-000","NS",44,1,1,"III_Uncertain"
"17","KRAS_G12C","berg-ne933-01-000-000","NS",160,0.45625,0.894607843137255,"I_strong"
"18","KRAS_G12C","berg-nh511-01-000-100","NS",165,0.309090909090909,0.391254315304948,"I_strong"
"19","KRAS_G12C","berg-xeno1-60-000-000","NS",76,0.407894736842105,0.416219119226638,"I_strong"
"20","KRAS_G12C","berg-dsf3c-61-000-000","NS",114,0.333333333333333,0.333333333333333,"I_strong"
"21","NUP214_K356N","berg-ne933-01-000-000","NS",87,0.569767441860465,1,"IV_benign"
"22","NUP214_K356N","berg-nh511-01-000-100","NS",94,0.75531914893617,0.956100188526798,"IV_benign"
"23","NUP214_K356N","berg-xeno1-60-000-000","NS",54,0.981481481481482,1,"IV_benign"
"24","NUP214_K356N","berg-dsf3c-61-000-000","NS",55,1,1,"IV_benign"
"25","TGFBR2_C421Y","berg-nh511-01-000-100","NS",87,0.666666666666667,0.843881856540084,"III_Uncertain"
"26","TGFBR2_C421Y","berg-xeno1-60-000-000","NS",61,0.918032786885246,0.936768149882904,"III_Uncertain"
"27","TGFBR2_C421Y","berg-dsf3c-61-000-000","NS",64,1,1,"III_Uncertain"
"28","TP53_R282Q","berg-nh511-01-000-100","NS",216,0.404651162790698,0.512216661760377,"I_strong"
"29","TP53_R282Q","berg-xeno1-60-000-000","NS",166,0.524096385542169,0.53479223014507,"I_strong"
"30","TP53_R282Q","berg-dsf3c-61-000-000","NS",135,0.422222222222222,0.422222222222222,"I_strong"
"31","ZNF384_A353S","berg-nh511-01-000-100","NS",191,0.356020942408377,0.450659420770097,"IV_benign"
"32","ZNF384_A353S","berg-xeno1-60-000-000","NS",199,0.557788944723618,0.569172392575121,"IV_benign"
"33","ZNF384_A353S","berg-dsf3c-61-000-000","NS",190,0.757894736842105,0.757894736842105,"IV_benign"
